{"Risk_NB_VOITURES_TOURISME":{"avenue de france":1.7750239628,"avenue de la paix":2.8060563515,"avenue de thonex":1.9068877806,"avenue des communes reunies":2.739210595,"avenue du mail":1.3320183607,"avenue eugene lance":2.3906633907,"avenue henri dunant":1.6186919293,"avenue louis aubert":1.2042049626,"avenue louis casai":1.8087915079,"avenue louis pictet":1.1210268034,"avenue pictet de rochemont":1.3614073175,"avenue wendt":1.5494764579,"boulevard georges favon":1.7703300442,"boulevard james fazy":1.2290091779,"chemin de la seymaz":1.0,"chemin de pinchat":1.4310629332,"chemin des mattines":1.2693955259,"chemin des palettes":1.2203935414,"chemin du bois brule":1.8280422506,"pont de la coulouvreniere":1.2434181761,"pont des acacias":1.0793622973,"pont du mont blanc":1.4315158526,"pont du val darve":1.0524671617,"quai du general guisan":1.8821372254,"quai du mont blanc":2.5023691597,"quai ernest ansermet":1.4160464561,"quai gustave ador":2.3260026518,"quai wilson":1.6707750652,"rampe de cologny":1.4838985466,"rampe quidort":1.1129627782,"route blanche":1.0556205226,"route de base":1.3208389428,"route de bellegarde":1.2627242556,"route de certoux":1.28475122,"route de chancy":4.9867089286,"route de chene":4.227309914,"route de colovrex":1.1345920624,"route de corniere":2.6046116046,"route de covery":1.7267591166,"route de ferney":2.1683227515,"route de florissant":1.8526022445,"route de frontenex":1.5989180324,"route de gy":1.9441201001,"route de jussy":1.3466620002,"route de juvigny":1.5000441735,"route de la capite":1.7334184854,"route de la galaise":1.0974241133,"route de lausanne":1.6702890979,"route de malagnou":2.3525769987,"route de meyrin":4.1525262218,"route de mon idee":2.2273561301,"route de monniaz":2.3281040493,"route de pierre grand":1.2130623,"route de pre bois":3.2764024686,"route de rougemont":1.6445918629,"route de saint julien":4.4580616202,"route de sauverny":2.0706314077,"route de sezegnin":1.7772589948,"route de soral":2.0596699564,"route de sous moulin":2.2238131847,"route de suisse":2.1660799541,"route de thonon":2.6217991725,"route de valleiry":1.8765680657,"route de vandoeuvres":1.4356124742,"route de verbois":2.4033057851,"route de vernier":2.2025666086,"route de veyrier":1.9325699221,"route des acacias":1.9489081688,"route des batailleux":1.0570070302,"route des fayards":1.7353650841,"route des franchises":1.1734812726,"route des jeunes":2.4897089014,"route du bois des freres":2.9835985141,"route du camp":1.2493556843,"route du grand lancy":2.2962262272,"route du mandement":6.0,"route du nant davril":1.7564175211,"route du pont butin":1.8345985386,"route du pont de la fin":1.1017089256,"route du val darve":1.479576346,"route francois peyrot":1.1807536726,"rue de chantepoulet":1.2171208742,"rue de chene bougeries":1.1846675875,"rue de geneve":3.5146958305,"rue de la servette":1.935172837,"rue de lyon":2.7455580095,"rue de saint jean":1.1016687324,"rue des alpes":1.656367778,"rue des charmilles":1.4938846148,"rue francois dussaud":1.2273982784,"rue gabrielle perret gentil":1.4422393249,"rue hoffmann":1.6655039291,"rue lombard":1.5883881699,"rue voltaire":1.3782379524,"voie centrale":1.9349705413}}